{"cameraMode":{"drawMode":0,"name":"Shaded","section":"Shading Mode"},"sceneLighting":false,"audioPlay":false,"sceneViewState":{"showFog":true,"showMaterialUpdate":false,"showSkybox":true,"showFlares":true,"showImageEffects":true,"showParticleSystems":true},"in2DMode":false,"pivot":{"x":0.23240752518177033,"y":1.2228310108184815,"z":2.393653392791748},"rotation":{"x":0.08240413665771485,"y":0.007474441081285477,"z":-0.0006180510972626507,"w":0.9965708255767822},"size":10.00174617767334,"orthographic":false}