{"cameraMode":{"drawMode":0,"name":"Shaded","section":"Shading Mode"},"sceneLighting":false,"audioPlay":false,"sceneViewState":{"showFog":true,"showMaterialUpdate":false,"showSkybox":true,"showFlares":true,"showImageEffects":true,"showParticleSystems":true},"in2DMode":false,"pivot":{"x":1.0000005960464478,"y":0.6322205662727356,"z":-0.201711967587471},"rotation":{"x":0.11970974504947663,"y":-0.007446343079209328,"z":0.0008984098676592112,"w":0.9927860498428345},"size":2.946782112121582,"orthographic":false}