{"cameraMode":{"drawMode":0,"name":"Shaded","section":"Shading Mode"},"sceneLighting":false,"audioPlay":false,"sceneViewState":{"showFog":true,"showMaterialUpdate":false,"showSkybox":true,"showFlares":true,"showImageEffects":true,"showParticleSystems":true},"in2DMode":false,"pivot":{"x":-0.113670215010643,"y":0.1204499751329422,"z":0.13140968978405},"rotation":{"x":-0.25878670811653139,"y":0.3772956430912018,"z":-0.11066558212041855,"w":-0.8822917938232422},"size":1.0180819034576417,"orthographic":false}