{"cameraMode":{"drawMode":0,"name":"Shaded","section":"Shading Mode"},"sceneLighting":false,"audioPlay":false,"sceneViewState":{"showFog":true,"showMaterialUpdate":false,"showSkybox":true,"showFlares":true,"showImageEffects":true,"showParticleSystems":true},"in2DMode":false,"pivot":{"x":33.63419723510742,"y":1.57854163646698,"z":-1.7013667821884156},"rotation":{"x":0.18773454427719117,"y":0.03829563781619072,"z":-0.007325212936848402,"w":0.9814470410346985},"size":16.425382614135743,"orthographic":false}