{"cameraMode":{"drawMode":0,"name":"Shaded","section":"Shading Mode"},"sceneLighting":false,"audioPlay":false,"sceneViewState":{"showFog":true,"showMaterialUpdate":false,"showSkybox":true,"showFlares":true,"showImageEffects":true,"showParticleSystems":true},"in2DMode":false,"pivot":{"x":-2.637653112411499,"y":0.6908745169639587,"z":-0.12147339433431626},"rotation":{"x":0.05845930054783821,"y":-0.015870383009314538,"z":0.0009295008494518697,"w":0.9981638789176941},"size":3.0868849754333498,"orthographic":false}