{"cameraMode":{"drawMode":0,"name":"Shaded","section":"Shading Mode"},"sceneLighting":false,"audioPlay":false,"sceneViewState":{"showFog":true,"showMaterialUpdate":false,"showSkybox":true,"showFlares":true,"showImageEffects":true,"showParticleSystems":true},"in2DMode":false,"pivot":{"x":112.61131286621094,"y":4.373702526092529,"z":0.4193768799304962},"rotation":{"x":-0.13167478144168855,"y":-0.2935529053211212,"z":0.04086197540163994,"w":-0.9459508657455444},"size":5.6646294593811039,"orthographic":false}