{"cameraMode":{"drawMode":0,"name":"Shaded","section":"Shading Mode"},"sceneLighting":false,"audioPlay":false,"sceneViewState":{"showFog":true,"showMaterialUpdate":false,"showSkybox":true,"showFlares":true,"showImageEffects":true,"showParticleSystems":true},"in2DMode":false,"pivot":{"x":-0.04274393618106842,"y":0.1016305536031723,"z":0.0},"rotation":{"x":0.11077184230089188,"y":-0.005963411182165146,"z":0.0006676584016531706,"w":0.99383944272995},"size":1.3046213388442994,"orthographic":false}