{"cameraMode":{"drawMode":0,"name":"Shaded","section":"Shading Mode"},"sceneLighting":false,"audioPlay":false,"sceneViewState":{"showFog":true,"showMaterialUpdate":false,"showSkybox":true,"showFlares":true,"showImageEffects":true,"showParticleSystems":true},"in2DMode":false,"pivot":{"x":9.524951934814454,"y":1.5970793962478638,"z":-0.1630171537399292},"rotation":{"x":0.2838031053543091,"y":-0.038821373134851459,"z":0.011500640772283078,"w":0.9580315947532654},"size":2.7309722900390627,"orthographic":false}