{"cameraMode":{"drawMode":0,"name":"Shaded","section":"Shading Mode"},"sceneLighting":false,"audioPlay":false,"sceneViewState":{"showFog":true,"showMaterialUpdate":false,"showSkybox":true,"showFlares":true,"showImageEffects":true,"showParticleSystems":true},"in2DMode":false,"pivot":{"x":434.9100036621094,"y":1.100000023841858,"z":0.0},"rotation":{"x":0.02399161458015442,"y":-0.022491542622447015,"z":0.0005398944485932589,"w":0.9994601011276245},"size":2.8578836917877199,"orthographic":false}