{"cameraMode":{"drawMode":0,"name":"Shaded","section":"Shading Mode"},"sceneLighting":false,"audioPlay":false,"sceneViewState":{"showFog":true,"showMaterialUpdate":false,"showSkybox":true,"showFlares":true,"showImageEffects":true,"showParticleSystems":true},"in2DMode":false,"pivot":{"x":102.61000061035156,"y":3.8926122188568117,"z":-1.1920928955078126e-7},"rotation":{"x":-0.04079602286219597,"y":0.011087974533438683,"z":-0.00045276281889528036,"w":-0.9991087913513184},"size":15.31169319152832,"orthographic":false}