{"cameraMode":{"drawMode":0,"name":"Shaded","section":"Shading Mode"},"sceneLighting":false,"audioPlay":false,"sceneViewState":{"showFog":true,"showMaterialUpdate":false,"showSkybox":true,"showFlares":true,"showImageEffects":true,"showParticleSystems":true},"in2DMode":false,"pivot":{"x":257.05999755859377,"y":0.6304086446762085,"z":0.0},"rotation":{"x":-0.13740704953670503,"y":-0.0810299664735794,"z":0.011279294267296791,"w":-0.9871305227279663},"size":6.180001735687256,"orthographic":false}